{
  "providerId": "Microsoft.Tools.ServiceModel.Svcutil",
  "version": "2.1.0",
  "options": {
    "inputs": [
      "http://172.16.143.205/CorporatePDFPublisherWS/WebServices/Publisher/Publisher.asmx?wsdl"
    ],
    "namespaceMappings": [
      "*, ServiceReference"
    ],
    "outputFile": "Reference.cs",
    "references": [
      "Confluent.Kafka, {Confluent.Kafka, 2.5.0}",
      "Consul, {Consul, 1.7.14.4}",
      "HealthChecks.Kafka, {AspNetCore.HealthChecks.Kafka, 8.0.1}",
      "HealthChecks.NpgSql, {AspNetCore.HealthChecks.NpgSql, 8.0.1}",
      "HealthChecks.Oracle, {AspNetCore.HealthChecks.Oracle, 8.0.1}",
      "HealthChecks.Redis, {AspNetCore.HealthChecks.Redis, 8.0.1}",
      "HealthChecks.Uris, {AspNetCore.HealthChecks.Uris, 8.0.1}",
      "Microsoft.EntityFrameworkCore, {Microsoft.EntityFrameworkCore, 8.0.7}",
      "Microsoft.EntityFrameworkCore.Abstractions, {Microsoft.EntityFrameworkCore.Abstractions, 8.0.7}",
      "Microsoft.EntityFrameworkCore.Relational, {Microsoft.EntityFrameworkCore.Relational, 8.0.7}",
      "Microsoft.Extensions.Caching.Abstractions, {Microsoft.Extensions.Caching.Abstractions, 8.0.0}",
      "Microsoft.Extensions.Caching.Memory, {Microsoft.Extensions.Caching.Memory, 8.0.0}",
      "Microsoft.Extensions.Configuration, {Microsoft.Extensions.Configuration, 8.0.0}",
      "Microsoft.Extensions.Configuration.Abstractions, {Microsoft.Extensions.Configuration.Abstractions, 8.0.0}",
      "Microsoft.Extensions.Configuration.Binder, {Microsoft.Extensions.Configuration.Binder, 8.0.0}",
      "Microsoft.Extensions.DependencyInjection, {Microsoft.Extensions.DependencyInjection, 8.0.0}",
      "Microsoft.Extensions.DependencyInjection.Abstractions, {Microsoft.Extensions.DependencyInjection.Abstractions, 8.0.0}",
      "Microsoft.Extensions.DependencyModel, {Microsoft.Extensions.DependencyModel, 8.0.1}",
      "Microsoft.Extensions.Diagnostics, {Microsoft.Extensions.Diagnostics, 8.0.0}",
      "Microsoft.Extensions.Diagnostics.Abstractions, {Microsoft.Extensions.Diagnostics.Abstractions, 8.0.0}",
      "Microsoft.Extensions.Diagnostics.HealthChecks, {Microsoft.Extensions.Diagnostics.HealthChecks, 8.0.0}",
      "Microsoft.Extensions.Diagnostics.HealthChecks.Abstractions, {Microsoft.Extensions.Diagnostics.HealthChecks.Abstractions, 8.0.0}",
      "Microsoft.Extensions.FileProviders.Abstractions, {Microsoft.Extensions.FileProviders.Abstractions, 8.0.0}",
      "Microsoft.Extensions.Hosting.Abstractions, {Microsoft.Extensions.Hosting.Abstractions, 8.0.0}",
      "Microsoft.Extensions.Http, {Microsoft.Extensions.Http, 8.0.0}",
      "Microsoft.Extensions.Http.Polly, {Microsoft.Extensions.Http.Polly, 8.0.7}",
      "Microsoft.Extensions.Logging, {Microsoft.Extensions.Logging, 8.0.0}",
      "Microsoft.Extensions.Logging.Abstractions, {Microsoft.Extensions.Logging.Abstractions, 8.0.0}",
      "Microsoft.Extensions.Options, {Microsoft.Extensions.Options, 8.0.0}",
      "Microsoft.Extensions.Options.ConfigurationExtensions, {Microsoft.Extensions.Options.ConfigurationExtensions, 8.0.0}",
      "Microsoft.Extensions.Primitives, {Microsoft.Extensions.Primitives, 8.0.0}",
      "Microsoft.OpenApi, {Microsoft.OpenApi, 1.2.3}",
      "Newtonsoft.Json, {Newtonsoft.Json, 13.0.3}",
      "Npgsql, {Npgsql, 8.0.3}",
      "Npgsql.EntityFrameworkCore.PostgreSQL, {Npgsql.EntityFrameworkCore.PostgreSQL, 8.0.4}",
      "Oracle.EntityFrameworkCore, {Oracle.EntityFrameworkCore, 8.23.50}",
      "Oracle.ManagedDataAccess, {Oracle.ManagedDataAccess.Core, 23.5.0}",
      "Pipelines.Sockets.Unofficial, {Pipelines.Sockets.Unofficial, 2.2.8}",
      "Polly, {Polly, 8.4.1}",
      "Polly.Core, {Polly.Core, 8.4.1}",
      "Polly.Extensions.Http, {Polly.Extensions.Http, 3.0.0}",
      "Serilog, {Serilog, 4.0.1}",
      "Serilog.AspNetCore, {Serilog.AspNetCore, 8.0.2}",
      "Serilog.Extensions.Hosting, {Serilog.Extensions.Hosting, 8.0.0}",
      "Serilog.Extensions.Logging, {Serilog.Extensions.Logging, 8.0.0}",
      "Serilog.Formatting.Compact, {Serilog.Formatting.Compact, 2.0.0}",
      "Serilog.Formatting.Elasticsearch, {Serilog.Formatting.Elasticsearch, 10.0.0}",
      "Serilog.Settings.Configuration, {Serilog.Settings.Configuration, 8.0.2}",
      "Serilog.Sinks.Console, {Serilog.Sinks.Console, 5.0.0}",
      "Serilog.Sinks.Debug, {Serilog.Sinks.Debug, 2.0.0}",
      "Serilog.Sinks.File, {Serilog.Sinks.File, 5.0.0}",
      "StackExchange.Redis, {StackExchange.Redis, 2.8.0}",
      "Swashbuckle.AspNetCore.Swagger, {Swashbuckle.AspNetCore.Swagger, 6.4.0}",
      "Swashbuckle.AspNetCore.SwaggerGen, {Swashbuckle.AspNetCore.SwaggerGen, 6.4.0}",
      "Swashbuckle.AspNetCore.SwaggerUI, {Swashbuckle.AspNetCore.SwaggerUI, 6.4.0}",
      "System.Configuration.ConfigurationManager, {System.Configuration.ConfigurationManager, 8.0.0}",
      "System.Diagnostics.DiagnosticSource, {System.Diagnostics.DiagnosticSource, 8.0.0}",
      "System.Diagnostics.EventLog, {System.Diagnostics.EventLog, 8.0.0}",
      "System.Diagnostics.PerformanceCounter, {System.Diagnostics.PerformanceCounter, 8.0.0}",
      "System.DirectoryServices.Protocols, {System.DirectoryServices.Protocols, 8.0.0}",
      "System.Formats.Asn1, {System.Formats.Asn1, 8.0.0}",
      "System.IO.Pipelines, {System.IO.Pipelines, 6.0.3}",
      "System.Security.Cryptography.Pkcs, {System.Security.Cryptography.Pkcs, 8.0.0}",
      "System.Security.Cryptography.ProtectedData, {System.Security.Cryptography.ProtectedData, 8.0.0}",
      "System.Text.Encodings.Web, {System.Text.Encodings.Web, 8.0.0}",
      "System.Text.Json, {System.Text.Json, 8.0.4}"
    ],
    "targetFramework": "net8.0",
    "typeReuseMode": "All"
  }
}